1,Student_1,Data Analytics,student_1@edu.ru
2,Student_2,Information Systems,student_2@edu.ru
3,Student_3,Computer Science,student_3@edu.ru
4,Student_4,Data Analytics,student_4@edu.ru
5,Student_5,Information Systems,student_5@edu.ru
6,Student_6,Computer Science,student_6@edu.ru
7,Student_7,Data Analytics,student_7@edu.ru
8,Student_8,Information Systems,student_8@edu.ru
9,Student_9,Computer Science,student_9@edu.ru
10,Student_10,Data Analytics,student_10@edu.ru
11,Student_11,Information Systems,student_11@edu.ru
12,Student_12,Computer Science,student_12@edu.ru
13,Student_13,Data Analytics,student_13@edu.ru
14,Student_14,Information Systems,student_14@edu.ru
15,Student_15,Computer Science,student_15@edu.ru
16,Student_16,Data Analytics,student_16@edu.ru
17,Student_17,Information Systems,student_17@edu.ru
18,Student_18,Computer Science,student_18@edu.ru
19,Student_19,Data Analytics,student_19@edu.ru
20,Student_20,Information Systems,student_20@edu.ru
21,Student_21,Computer Science,student_21@edu.ru
22,Student_22,Data Analytics,student_22@edu.ru
23,Student_23,Information Systems,student_23@edu.ru
24,Student_24,Computer Science,student_24@edu.ru
25,Student_25,Data Analytics,student_25@edu.ru
26,Student_26,Information Systems,student_26@edu.ru
27,Student_27,Computer Science,student_27@edu.ru
28,Student_28,Data Analytics,student_28@edu.ru
29,Student_29,Information Systems,student_29@edu.ru
30,Student_30,Computer Science,student_30@edu.ru
31,Student_31,Data Analytics,student_31@edu.ru
32,Student_32,Information Systems,student_32@edu.ru
33,Student_33,Computer Science,student_33@edu.ru
34,Student_34,Data Analytics,student_34@edu.ru
35,Student_35,Information Systems,student_35@edu.ru
36,Student_36,Computer Science,student_36@edu.ru
37,Student_37,Data Analytics,student_37@edu.ru
38,Student_38,Information Systems,student_38@edu.ru
39,Student_39,Computer Science,student_39@edu.ru
40,Student_40,Data Analytics,student_40@edu.ru
41,Student_41,Information Systems,student_41@edu.ru
42,Student_42,Computer Science,student_42@edu.ru
43,Student_43,Data Analytics,student_43@edu.ru
44,Student_44,Information Systems,student_44@edu.ru
45,Student_45,Computer Science,student_45@edu.ru
46,Student_46,Data Analytics,student_46@edu.ru
47,Student_47,Information Systems,student_47@edu.ru
48,Student_48,Computer Science,student_48@edu.ru
49,Student_49,Data Analytics,student_49@edu.ru
50,Student_50,Information Systems,student_50@edu.ru
51,Student_51,Computer Science,student_51@edu.ru
52,Student_52,Data Analytics,student_52@edu.ru
53,Student_53,Information Systems,student_53@edu.ru
54,Student_54,Computer Science,student_54@edu.ru
55,Student_55,Data Analytics,student_55@edu.ru
56,Student_56,Information Systems,student_56@edu.ru
57,Student_57,Computer Science,student_57@edu.ru
58,Student_58,Data Analytics,student_58@edu.ru
59,Student_59,Information Systems,student_59@edu.ru
60,Student_60,Computer Science,student_60@edu.ru
61,Student_61,Data Analytics,student_61@edu.ru
62,Student_62,Information Systems,student_62@edu.ru
63,Student_63,Computer Science,student_63@edu.ru
64,Student_64,Data Analytics,student_64@edu.ru
65,Student_65,Information Systems,student_65@edu.ru
66,Student_66,Computer Science,student_66@edu.ru
67,Student_67,Data Analytics,student_67@edu.ru
68,Student_68,Information Systems,student_68@edu.ru
69,Student_69,Computer Science,student_69@edu.ru
70,Student_70,Data Analytics,student_70@edu.ru
71,Student_71,Information Systems,student_71@edu.ru
72,Student_72,Computer Science,student_72@edu.ru
73,Student_73,Data Analytics,student_73@edu.ru
74,Student_74,Information Systems,student_74@edu.ru
75,Student_75,Computer Science,student_75@edu.ru
76,Student_76,Data Analytics,student_76@edu.ru
77,Student_77,Information Systems,student_77@edu.ru
78,Student_78,Computer Science,student_78@edu.ru
79,Student_79,Data Analytics,student_79@edu.ru
80,Student_80,Information Systems,student_80@edu.ru
81,Student_81,Computer Science,student_81@edu.ru
82,Student_82,Data Analytics,student_82@edu.ru
83,Student_83,Information Systems,student_83@edu.ru
84,Student_84,Computer Science,student_84@edu.ru
85,Student_85,Data Analytics,student_85@edu.ru
86,Student_86,Information Systems,student_86@edu.ru
87,Student_87,Computer Science,student_87@edu.ru
88,Student_88,Data Analytics,student_88@edu.ru
89,Student_89,Information Systems,student_89@edu.ru
90,Student_90,Computer Science,student_90@edu.ru
91,Student_91,Data Analytics,student_91@edu.ru
92,Student_92,Information Systems,student_92@edu.ru
93,Student_93,Computer Science,student_93@edu.ru
94,Student_94,Data Analytics,student_94@edu.ru
95,Student_95,Information Systems,student_95@edu.ru
96,Student_96,Computer Science,student_96@edu.ru
97,Student_97,Data Analytics,student_97@edu.ru
98,Student_98,Information Systems,student_98@edu.ru
99,Student_99,Computer Science,student_99@edu.ru
100,Student_100,Data Analytics,student_100@edu.ru
101,Student_101,Information Systems,student_101@edu.ru
102,Student_102,Computer Science,student_102@edu.ru
103,Student_103,Data Analytics,student_103@edu.ru
104,Student_104,Information Systems,student_104@edu.ru
105,Student_105,Computer Science,student_105@edu.ru
106,Student_106,Data Analytics,student_106@edu.ru
107,Student_107,Information Systems,student_107@edu.ru
108,Student_108,Computer Science,student_108@edu.ru
109,Student_109,Data Analytics,student_109@edu.ru
110,Student_110,Information Systems,student_110@edu.ru
111,Student_111,Computer Science,student_111@edu.ru
112,Student_112,Data Analytics,student_112@edu.ru
113,Student_113,Information Systems,student_113@edu.ru
114,Student_114,Computer Science,student_114@edu.ru
115,Student_115,Data Analytics,student_115@edu.ru
116,Student_116,Information Systems,student_116@edu.ru
117,Student_117,Computer Science,student_117@edu.ru
118,Student_118,Data Analytics,student_118@edu.ru
119,Student_119,Information Systems,student_119@edu.ru
120,Student_120,Computer Science,student_120@edu.ru
121,Student_121,Data Analytics,student_121@edu.ru
122,Student_122,Information Systems,student_122@edu.ru
123,Student_123,Computer Science,student_123@edu.ru
124,Student_124,Data Analytics,student_124@edu.ru
125,Student_125,Information Systems,student_125@edu.ru
126,Student_126,Computer Science,student_126@edu.ru
127,Student_127,Data Analytics,student_127@edu.ru
128,Student_128,Information Systems,student_128@edu.ru
129,Student_129,Computer Science,student_129@edu.ru
130,Student_130,Data Analytics,student_130@edu.ru
131,Student_131,Information Systems,student_131@edu.ru
132,Student_132,Computer Science,student_132@edu.ru
133,Student_133,Data Analytics,student_133@edu.ru
134,Student_134,Information Systems,student_134@edu.ru
135,Student_135,Computer Science,student_135@edu.ru
136,Student_136,Data Analytics,student_136@edu.ru
137,Student_137,Information Systems,student_137@edu.ru
138,Student_138,Computer Science,student_138@edu.ru
139,Student_139,Data Analytics,student_139@edu.ru
140,Student_140,Information Systems,student_140@edu.ru
141,Student_141,Computer Science,student_141@edu.ru
142,Student_142,Data Analytics,student_142@edu.ru
143,Student_143,Information Systems,student_143@edu.ru
144,Student_144,Computer Science,student_144@edu.ru
145,Student_145,Data Analytics,student_145@edu.ru
146,Student_146,Information Systems,student_146@edu.ru
147,Student_147,Computer Science,student_147@edu.ru
148,Student_148,Data Analytics,student_148@edu.ru
149,Student_149,Information Systems,student_149@edu.ru
150,Student_150,Computer Science,student_150@edu.ru
151,Student_151,Data Analytics,student_151@edu.ru
152,Student_152,Information Systems,student_152@edu.ru
153,Student_153,Computer Science,student_153@edu.ru
154,Student_154,Data Analytics,student_154@edu.ru
155,Student_155,Information Systems,student_155@edu.ru
156,Student_156,Computer Science,student_156@edu.ru
157,Student_157,Data Analytics,student_157@edu.ru
158,Student_158,Information Systems,student_158@edu.ru
159,Student_159,Computer Science,student_159@edu.ru
160,Student_160,Data Analytics,student_160@edu.ru
161,Student_161,Information Systems,student_161@edu.ru
162,Student_162,Computer Science,student_162@edu.ru
163,Student_163,Data Analytics,student_163@edu.ru
164,Student_164,Information Systems,student_164@edu.ru
165,Student_165,Computer Science,student_165@edu.ru
166,Student_166,Data Analytics,student_166@edu.ru
167,Student_167,Information Systems,student_167@edu.ru
168,Student_168,Computer Science,student_168@edu.ru
169,Student_169,Data Analytics,student_169@edu.ru
170,Student_170,Information Systems,student_170@edu.ru
171,Student_171,Computer Science,student_171@edu.ru
172,Student_172,Data Analytics,student_172@edu.ru
173,Student_173,Information Systems,student_173@edu.ru
174,Student_174,Computer Science,student_174@edu.ru
175,Student_175,Data Analytics,student_175@edu.ru
176,Student_176,Information Systems,student_176@edu.ru
177,Student_177,Computer Science,student_177@edu.ru
178,Student_178,Data Analytics,student_178@edu.ru
179,Student_179,Information Systems,student_179@edu.ru
180,Student_180,Computer Science,student_180@edu.ru
181,Student_181,Data Analytics,student_181@edu.ru
182,Student_182,Information Systems,student_182@edu.ru
183,Student_183,Computer Science,student_183@edu.ru
184,Student_184,Data Analytics,student_184@edu.ru
185,Student_185,Information Systems,student_185@edu.ru
186,Student_186,Computer Science,student_186@edu.ru
187,Student_187,Data Analytics,student_187@edu.ru
188,Student_188,Information Systems,student_188@edu.ru
189,Student_189,Computer Science,student_189@edu.ru
190,Student_190,Data Analytics,student_190@edu.ru
191,Student_191,Information Systems,student_191@edu.ru
192,Student_192,Computer Science,student_192@edu.ru
193,Student_193,Data Analytics,student_193@edu.ru
194,Student_194,Information Systems,student_194@edu.ru
195,Student_195,Computer Science,student_195@edu.ru
196,Student_196,Data Analytics,student_196@edu.ru
197,Student_197,Information Systems,student_197@edu.ru
198,Student_198,Computer Science,student_198@edu.ru
199,Student_199,Data Analytics,student_199@edu.ru
200,Student_200,Information Systems,student_200@edu.ru
201,Student_201,Computer Science,student_201@edu.ru
202,Student_202,Data Analytics,student_202@edu.ru
203,Student_203,Information Systems,student_203@edu.ru
204,Student_204,Computer Science,student_204@edu.ru
205,Student_205,Data Analytics,student_205@edu.ru
206,Student_206,Information Systems,student_206@edu.ru
207,Student_207,Computer Science,student_207@edu.ru
208,Student_208,Data Analytics,student_208@edu.ru
209,Student_209,Information Systems,student_209@edu.ru
210,Student_210,Computer Science,student_210@edu.ru
211,Student_211,Data Analytics,student_211@edu.ru
212,Student_212,Information Systems,student_212@edu.ru
213,Student_213,Computer Science,student_213@edu.ru
214,Student_214,Data Analytics,student_214@edu.ru
215,Student_215,Information Systems,student_215@edu.ru
216,Student_216,Computer Science,student_216@edu.ru
217,Student_217,Data Analytics,student_217@edu.ru
218,Student_218,Information Systems,student_218@edu.ru
219,Student_219,Computer Science,student_219@edu.ru
220,Student_220,Data Analytics,student_220@edu.ru
221,Student_221,Information Systems,student_221@edu.ru
222,Student_222,Computer Science,student_222@edu.ru
223,Student_223,Data Analytics,student_223@edu.ru
224,Student_224,Information Systems,student_224@edu.ru
225,Student_225,Computer Science,student_225@edu.ru
226,Student_226,Data Analytics,student_226@edu.ru
227,Student_227,Information Systems,student_227@edu.ru
228,Student_228,Computer Science,student_228@edu.ru
229,Student_229,Data Analytics,student_229@edu.ru
230,Student_230,Information Systems,student_230@edu.ru
231,Student_231,Computer Science,student_231@edu.ru
232,Student_232,Data Analytics,student_232@edu.ru
233,Student_233,Information Systems,student_233@edu.ru
234,Student_234,Computer Science,student_234@edu.ru
235,Student_235,Data Analytics,student_235@edu.ru
236,Student_236,Information Systems,student_236@edu.ru
237,Student_237,Computer Science,student_237@edu.ru
238,Student_238,Data Analytics,student_238@edu.ru
239,Student_239,Information Systems,student_239@edu.ru
240,Student_240,Computer Science,student_240@edu.ru
241,Student_241,Data Analytics,student_241@edu.ru
242,Student_242,Information Systems,student_242@edu.ru
243,Student_243,Computer Science,student_243@edu.ru
244,Student_244,Data Analytics,student_244@edu.ru
245,Student_245,Information Systems,student_245@edu.ru
246,Student_246,Computer Science,student_246@edu.ru
247,Student_247,Data Analytics,student_247@edu.ru
248,Student_248,Information Systems,student_248@edu.ru
249,Student_249,Computer Science,student_249@edu.ru
250,Student_250,Data Analytics,student_250@edu.ru
251,Student_251,Information Systems,student_251@edu.ru
252,Student_252,Computer Science,student_252@edu.ru
253,Student_253,Data Analytics,student_253@edu.ru
254,Student_254,Information Systems,student_254@edu.ru
255,Student_255,Computer Science,student_255@edu.ru
256,Student_256,Data Analytics,student_256@edu.ru
257,Student_257,Information Systems,student_257@edu.ru
258,Student_258,Computer Science,student_258@edu.ru
259,Student_259,Data Analytics,student_259@edu.ru
260,Student_260,Information Systems,student_260@edu.ru
261,Student_261,Computer Science,student_261@edu.ru
262,Student_262,Data Analytics,student_262@edu.ru
263,Student_263,Information Systems,student_263@edu.ru
264,Student_264,Computer Science,student_264@edu.ru
265,Student_265,Data Analytics,student_265@edu.ru
266,Student_266,Information Systems,student_266@edu.ru
267,Student_267,Computer Science,student_267@edu.ru
268,Student_268,Data Analytics,student_268@edu.ru
269,Student_269,Information Systems,student_269@edu.ru
270,Student_270,Computer Science,student_270@edu.ru
271,Student_271,Data Analytics,student_271@edu.ru
272,Student_272,Information Systems,student_272@edu.ru
273,Student_273,Computer Science,student_273@edu.ru
274,Student_274,Data Analytics,student_274@edu.ru
275,Student_275,Information Systems,student_275@edu.ru
276,Student_276,Computer Science,student_276@edu.ru
277,Student_277,Data Analytics,student_277@edu.ru
278,Student_278,Information Systems,student_278@edu.ru
279,Student_279,Computer Science,student_279@edu.ru
280,Student_280,Data Analytics,student_280@edu.ru
281,Student_281,Information Systems,student_281@edu.ru
282,Student_282,Computer Science,student_282@edu.ru
283,Student_283,Data Analytics,student_283@edu.ru
284,Student_284,Information Systems,student_284@edu.ru
285,Student_285,Computer Science,student_285@edu.ru
286,Student_286,Data Analytics,student_286@edu.ru
287,Student_287,Information Systems,student_287@edu.ru
288,Student_288,Computer Science,student_288@edu.ru
289,Student_289,Data Analytics,student_289@edu.ru
290,Student_290,Information Systems,student_290@edu.ru
291,Student_291,Computer Science,student_291@edu.ru
292,Student_292,Data Analytics,student_292@edu.ru
293,Student_293,Information Systems,student_293@edu.ru
294,Student_294,Computer Science,student_294@edu.ru
295,Student_295,Data Analytics,student_295@edu.ru
296,Student_296,Information Systems,student_296@edu.ru
297,Student_297,Computer Science,student_297@edu.ru
298,Student_298,Data Analytics,student_298@edu.ru
299,Student_299,Information Systems,student_299@edu.ru
300,Student_300,Computer Science,student_300@edu.ru
301,Student_301,Data Analytics,student_301@edu.ru
302,Student_302,Information Systems,student_302@edu.ru
303,Student_303,Computer Science,student_303@edu.ru
304,Student_304,Data Analytics,student_304@edu.ru
305,Student_305,Information Systems,student_305@edu.ru
306,Student_306,Computer Science,student_306@edu.ru
307,Student_307,Data Analytics,student_307@edu.ru
308,Student_308,Information Systems,student_308@edu.ru
309,Student_309,Computer Science,student_309@edu.ru
310,Student_310,Data Analytics,student_310@edu.ru
311,Student_311,Information Systems,student_311@edu.ru
312,Student_312,Computer Science,student_312@edu.ru
313,Student_313,Data Analytics,student_313@edu.ru
314,Student_314,Information Systems,student_314@edu.ru
315,Student_315,Computer Science,student_315@edu.ru
316,Student_316,Data Analytics,student_316@edu.ru
317,Student_317,Information Systems,student_317@edu.ru
318,Student_318,Computer Science,student_318@edu.ru
319,Student_319,Data Analytics,student_319@edu.ru
320,Student_320,Information Systems,student_320@edu.ru
321,Student_321,Computer Science,student_321@edu.ru
322,Student_322,Data Analytics,student_322@edu.ru
323,Student_323,Information Systems,student_323@edu.ru
324,Student_324,Computer Science,student_324@edu.ru
325,Student_325,Data Analytics,student_325@edu.ru
326,Student_326,Information Systems,student_326@edu.ru
327,Student_327,Computer Science,student_327@edu.ru
328,Student_328,Data Analytics,student_328@edu.ru
329,Student_329,Information Systems,student_329@edu.ru
330,Student_330,Computer Science,student_330@edu.ru
331,Student_331,Data Analytics,student_331@edu.ru
332,Student_332,Information Systems,student_332@edu.ru
333,Student_333,Computer Science,student_333@edu.ru
334,Student_334,Data Analytics,student_334@edu.ru
335,Student_335,Information Systems,student_335@edu.ru
336,Student_336,Computer Science,student_336@edu.ru
337,Student_337,Data Analytics,student_337@edu.ru
338,Student_338,Information Systems,student_338@edu.ru
339,Student_339,Computer Science,student_339@edu.ru
340,Student_340,Data Analytics,student_340@edu.ru
341,Student_341,Information Systems,student_341@edu.ru
342,Student_342,Computer Science,student_342@edu.ru
343,Student_343,Data Analytics,student_343@edu.ru
344,Student_344,Information Systems,student_344@edu.ru
345,Student_345,Computer Science,student_345@edu.ru
346,Student_346,Data Analytics,student_346@edu.ru
347,Student_347,Information Systems,student_347@edu.ru
348,Student_348,Computer Science,student_348@edu.ru
349,Student_349,Data Analytics,student_349@edu.ru
350,Student_350,Information Systems,student_350@edu.ru
351,Student_351,Computer Science,student_351@edu.ru
352,Student_352,Data Analytics,student_352@edu.ru
353,Student_353,Information Systems,student_353@edu.ru
354,Student_354,Computer Science,student_354@edu.ru
355,Student_355,Data Analytics,student_355@edu.ru
356,Student_356,Information Systems,student_356@edu.ru
357,Student_357,Computer Science,student_357@edu.ru
358,Student_358,Data Analytics,student_358@edu.ru
359,Student_359,Information Systems,student_359@edu.ru
360,Student_360,Computer Science,student_360@edu.ru
361,Student_361,Data Analytics,student_361@edu.ru
362,Student_362,Information Systems,student_362@edu.ru
363,Student_363,Computer Science,student_363@edu.ru
364,Student_364,Data Analytics,student_364@edu.ru
365,Student_365,Information Systems,student_365@edu.ru
366,Student_366,Computer Science,student_366@edu.ru
367,Student_367,Data Analytics,student_367@edu.ru
368,Student_368,Information Systems,student_368@edu.ru
369,Student_369,Computer Science,student_369@edu.ru
370,Student_370,Data Analytics,student_370@edu.ru
371,Student_371,Information Systems,student_371@edu.ru
372,Student_372,Computer Science,student_372@edu.ru
373,Student_373,Data Analytics,student_373@edu.ru
374,Student_374,Information Systems,student_374@edu.ru
375,Student_375,Computer Science,student_375@edu.ru
376,Student_376,Data Analytics,student_376@edu.ru
377,Student_377,Information Systems,student_377@edu.ru
378,Student_378,Computer Science,student_378@edu.ru
379,Student_379,Data Analytics,student_379@edu.ru
380,Student_380,Information Systems,student_380@edu.ru
381,Student_381,Computer Science,student_381@edu.ru
382,Student_382,Data Analytics,student_382@edu.ru
383,Student_383,Information Systems,student_383@edu.ru
384,Student_384,Computer Science,student_384@edu.ru
385,Student_385,Data Analytics,student_385@edu.ru
386,Student_386,Information Systems,student_386@edu.ru
387,Student_387,Computer Science,student_387@edu.ru
388,Student_388,Data Analytics,student_388@edu.ru
389,Student_389,Information Systems,student_389@edu.ru
390,Student_390,Computer Science,student_390@edu.ru
391,Student_391,Data Analytics,student_391@edu.ru
392,Student_392,Information Systems,student_392@edu.ru
393,Student_393,Computer Science,student_393@edu.ru
394,Student_394,Data Analytics,student_394@edu.ru
395,Student_395,Information Systems,student_395@edu.ru
396,Student_396,Computer Science,student_396@edu.ru
397,Student_397,Data Analytics,student_397@edu.ru
398,Student_398,Information Systems,student_398@edu.ru
399,Student_399,Computer Science,student_399@edu.ru
400,Student_400,Data Analytics,student_400@edu.ru
401,Student_401,Information Systems,student_401@edu.ru
402,Student_402,Computer Science,student_402@edu.ru
403,Student_403,Data Analytics,student_403@edu.ru
404,Student_404,Information Systems,student_404@edu.ru
405,Student_405,Computer Science,student_405@edu.ru
406,Student_406,Data Analytics,student_406@edu.ru
407,Student_407,Information Systems,student_407@edu.ru
408,Student_408,Computer Science,student_408@edu.ru
409,Student_409,Data Analytics,student_409@edu.ru
410,Student_410,Information Systems,student_410@edu.ru
411,Student_411,Computer Science,student_411@edu.ru
412,Student_412,Data Analytics,student_412@edu.ru
413,Student_413,Information Systems,student_413@edu.ru
414,Student_414,Computer Science,student_414@edu.ru
415,Student_415,Data Analytics,student_415@edu.ru
416,Student_416,Information Systems,student_416@edu.ru
417,Student_417,Computer Science,student_417@edu.ru
418,Student_418,Data Analytics,student_418@edu.ru
419,Student_419,Information Systems,student_419@edu.ru
420,Student_420,Computer Science,student_420@edu.ru
421,Student_421,Data Analytics,student_421@edu.ru
422,Student_422,Information Systems,student_422@edu.ru
423,Student_423,Computer Science,student_423@edu.ru
424,Student_424,Data Analytics,student_424@edu.ru
425,Student_425,Information Systems,student_425@edu.ru
426,Student_426,Computer Science,student_426@edu.ru
427,Student_427,Data Analytics,student_427@edu.ru
428,Student_428,Information Systems,student_428@edu.ru
429,Student_429,Computer Science,student_429@edu.ru
430,Student_430,Data Analytics,student_430@edu.ru
431,Student_431,Information Systems,student_431@edu.ru
432,Student_432,Computer Science,student_432@edu.ru
433,Student_433,Data Analytics,student_433@edu.ru
434,Student_434,Information Systems,student_434@edu.ru
435,Student_435,Computer Science,student_435@edu.ru
436,Student_436,Data Analytics,student_436@edu.ru
437,Student_437,Information Systems,student_437@edu.ru
438,Student_438,Computer Science,student_438@edu.ru
439,Student_439,Data Analytics,student_439@edu.ru
440,Student_440,Information Systems,student_440@edu.ru
441,Student_441,Computer Science,student_441@edu.ru
442,Student_442,Data Analytics,student_442@edu.ru
443,Student_443,Information Systems,student_443@edu.ru
444,Student_444,Computer Science,student_444@edu.ru
445,Student_445,Data Analytics,student_445@edu.ru
446,Student_446,Information Systems,student_446@edu.ru
447,Student_447,Computer Science,student_447@edu.ru
448,Student_448,Data Analytics,student_448@edu.ru
449,Student_449,Information Systems,student_449@edu.ru
450,Student_450,Computer Science,student_450@edu.ru
451,Student_451,Data Analytics,student_451@edu.ru
452,Student_452,Information Systems,student_452@edu.ru
453,Student_453,Computer Science,student_453@edu.ru
454,Student_454,Data Analytics,student_454@edu.ru
455,Student_455,Information Systems,student_455@edu.ru
456,Student_456,Computer Science,student_456@edu.ru
457,Student_457,Data Analytics,student_457@edu.ru
458,Student_458,Information Systems,student_458@edu.ru
459,Student_459,Computer Science,student_459@edu.ru
460,Student_460,Data Analytics,student_460@edu.ru
461,Student_461,Information Systems,student_461@edu.ru
462,Student_462,Computer Science,student_462@edu.ru
463,Student_463,Data Analytics,student_463@edu.ru
464,Student_464,Information Systems,student_464@edu.ru
465,Student_465,Computer Science,student_465@edu.ru
466,Student_466,Data Analytics,student_466@edu.ru
467,Student_467,Information Systems,student_467@edu.ru
468,Student_468,Computer Science,student_468@edu.ru
469,Student_469,Data Analytics,student_469@edu.ru
470,Student_470,Information Systems,student_470@edu.ru
471,Student_471,Computer Science,student_471@edu.ru
472,Student_472,Data Analytics,student_472@edu.ru
473,Student_473,Information Systems,student_473@edu.ru
474,Student_474,Computer Science,student_474@edu.ru
475,Student_475,Data Analytics,student_475@edu.ru
476,Student_476,Information Systems,student_476@edu.ru
477,Student_477,Computer Science,student_477@edu.ru
478,Student_478,Data Analytics,student_478@edu.ru
479,Student_479,Information Systems,student_479@edu.ru
480,Student_480,Computer Science,student_480@edu.ru
481,Student_481,Data Analytics,student_481@edu.ru
482,Student_482,Information Systems,student_482@edu.ru
483,Student_483,Computer Science,student_483@edu.ru
484,Student_484,Data Analytics,student_484@edu.ru
485,Student_485,Information Systems,student_485@edu.ru
486,Student_486,Computer Science,student_486@edu.ru
487,Student_487,Data Analytics,student_487@edu.ru
488,Student_488,Information Systems,student_488@edu.ru
489,Student_489,Computer Science,student_489@edu.ru
490,Student_490,Data Analytics,student_490@edu.ru
491,Student_491,Information Systems,student_491@edu.ru
492,Student_492,Computer Science,student_492@edu.ru
493,Student_493,Data Analytics,student_493@edu.ru
494,Student_494,Information Systems,student_494@edu.ru
495,Student_495,Computer Science,student_495@edu.ru
496,Student_496,Data Analytics,student_496@edu.ru
497,Student_497,Information Systems,student_497@edu.ru
498,Student_498,Computer Science,student_498@edu.ru
499,Student_499,Data Analytics,student_499@edu.ru
500,Student_500,Information Systems,student_500@edu.ru
501,Student_501,Computer Science,student_501@edu.ru
502,Student_502,Data Analytics,student_502@edu.ru
503,Student_503,Information Systems,student_503@edu.ru
504,Student_504,Computer Science,student_504@edu.ru
505,Student_505,Data Analytics,student_505@edu.ru
506,Student_506,Information Systems,student_506@edu.ru
507,Student_507,Computer Science,student_507@edu.ru
508,Student_508,Data Analytics,student_508@edu.ru
509,Student_509,Information Systems,student_509@edu.ru
510,Student_510,Computer Science,student_510@edu.ru
511,Student_511,Data Analytics,student_511@edu.ru
512,Student_512,Information Systems,student_512@edu.ru
513,Student_513,Computer Science,student_513@edu.ru
514,Student_514,Data Analytics,student_514@edu.ru
515,Student_515,Information Systems,student_515@edu.ru
516,Student_516,Computer Science,student_516@edu.ru
517,Student_517,Data Analytics,student_517@edu.ru
518,Student_518,Information Systems,student_518@edu.ru
519,Student_519,Computer Science,student_519@edu.ru
520,Student_520,Data Analytics,student_520@edu.ru
521,Student_521,Information Systems,student_521@edu.ru
522,Student_522,Computer Science,student_522@edu.ru
523,Student_523,Data Analytics,student_523@edu.ru
524,Student_524,Information Systems,student_524@edu.ru
525,Student_525,Computer Science,student_525@edu.ru
526,Student_526,Data Analytics,student_526@edu.ru
527,Student_527,Information Systems,student_527@edu.ru
528,Student_528,Computer Science,student_528@edu.ru
529,Student_529,Data Analytics,student_529@edu.ru
530,Student_530,Information Systems,student_530@edu.ru
531,Student_531,Computer Science,student_531@edu.ru
532,Student_532,Data Analytics,student_532@edu.ru
533,Student_533,Information Systems,student_533@edu.ru
534,Student_534,Computer Science,student_534@edu.ru
535,Student_535,Data Analytics,student_535@edu.ru
536,Student_536,Information Systems,student_536@edu.ru
537,Student_537,Computer Science,student_537@edu.ru
538,Student_538,Data Analytics,student_538@edu.ru
539,Student_539,Information Systems,student_539@edu.ru
540,Student_540,Computer Science,student_540@edu.ru
541,Student_541,Data Analytics,student_541@edu.ru
542,Student_542,Information Systems,student_542@edu.ru
543,Student_543,Computer Science,student_543@edu.ru
544,Student_544,Data Analytics,student_544@edu.ru
545,Student_545,Information Systems,student_545@edu.ru
546,Student_546,Computer Science,student_546@edu.ru
547,Student_547,Data Analytics,student_547@edu.ru
548,Student_548,Information Systems,student_548@edu.ru
549,Student_549,Computer Science,student_549@edu.ru
550,Student_550,Data Analytics,student_550@edu.ru
551,Student_551,Information Systems,student_551@edu.ru
552,Student_552,Computer Science,student_552@edu.ru
553,Student_553,Data Analytics,student_553@edu.ru
554,Student_554,Information Systems,student_554@edu.ru
555,Student_555,Computer Science,student_555@edu.ru
556,Student_556,Data Analytics,student_556@edu.ru
557,Student_557,Information Systems,student_557@edu.ru
558,Student_558,Computer Science,student_558@edu.ru
559,Student_559,Data Analytics,student_559@edu.ru
560,Student_560,Information Systems,student_560@edu.ru
561,Student_561,Computer Science,student_561@edu.ru
562,Student_562,Data Analytics,student_562@edu.ru
563,Student_563,Information Systems,student_563@edu.ru
564,Student_564,Computer Science,student_564@edu.ru
565,Student_565,Data Analytics,student_565@edu.ru
566,Student_566,Information Systems,student_566@edu.ru
567,Student_567,Computer Science,student_567@edu.ru
568,Student_568,Data Analytics,student_568@edu.ru
569,Student_569,Information Systems,student_569@edu.ru
570,Student_570,Computer Science,student_570@edu.ru
571,Student_571,Data Analytics,student_571@edu.ru
572,Student_572,Information Systems,student_572@edu.ru
573,Student_573,Computer Science,student_573@edu.ru
574,Student_574,Data Analytics,student_574@edu.ru
575,Student_575,Information Systems,student_575@edu.ru
576,Student_576,Computer Science,student_576@edu.ru
577,Student_577,Data Analytics,student_577@edu.ru
578,Student_578,Information Systems,student_578@edu.ru
579,Student_579,Computer Science,student_579@edu.ru
580,Student_580,Data Analytics,student_580@edu.ru
581,Student_581,Information Systems,student_581@edu.ru
582,Student_582,Computer Science,student_582@edu.ru
583,Student_583,Data Analytics,student_583@edu.ru
584,Student_584,Information Systems,student_584@edu.ru
585,Student_585,Computer Science,student_585@edu.ru
586,Student_586,Data Analytics,student_586@edu.ru
587,Student_587,Information Systems,student_587@edu.ru
588,Student_588,Computer Science,student_588@edu.ru
589,Student_589,Data Analytics,student_589@edu.ru
590,Student_590,Information Systems,student_590@edu.ru
591,Student_591,Computer Science,student_591@edu.ru
592,Student_592,Data Analytics,student_592@edu.ru
593,Student_593,Information Systems,student_593@edu.ru
594,Student_594,Computer Science,student_594@edu.ru
595,Student_595,Data Analytics,student_595@edu.ru
596,Student_596,Information Systems,student_596@edu.ru
597,Student_597,Computer Science,student_597@edu.ru
598,Student_598,Data Analytics,student_598@edu.ru
599,Student_599,Information Systems,student_599@edu.ru
600,Student_600,Computer Science,student_600@edu.ru
601,Student_601,Data Analytics,student_601@edu.ru
602,Student_602,Information Systems,student_602@edu.ru
603,Student_603,Computer Science,student_603@edu.ru
604,Student_604,Data Analytics,student_604@edu.ru
605,Student_605,Information Systems,student_605@edu.ru
606,Student_606,Computer Science,student_606@edu.ru
607,Student_607,Data Analytics,student_607@edu.ru
608,Student_608,Information Systems,student_608@edu.ru
609,Student_609,Computer Science,student_609@edu.ru
610,Student_610,Data Analytics,student_610@edu.ru
611,Student_611,Information Systems,student_611@edu.ru
612,Student_612,Computer Science,student_612@edu.ru
613,Student_613,Data Analytics,student_613@edu.ru
614,Student_614,Information Systems,student_614@edu.ru
615,Student_615,Computer Science,student_615@edu.ru
616,Student_616,Data Analytics,student_616@edu.ru
617,Student_617,Information Systems,student_617@edu.ru
618,Student_618,Computer Science,student_618@edu.ru
619,Student_619,Data Analytics,student_619@edu.ru
620,Student_620,Information Systems,student_620@edu.ru
621,Student_621,Computer Science,student_621@edu.ru
622,Student_622,Data Analytics,student_622@edu.ru
623,Student_623,Information Systems,student_623@edu.ru
624,Student_624,Computer Science,student_624@edu.ru
625,Student_625,Data Analytics,student_625@edu.ru
626,Student_626,Information Systems,student_626@edu.ru
627,Student_627,Computer Science,student_627@edu.ru
628,Student_628,Data Analytics,student_628@edu.ru
629,Student_629,Information Systems,student_629@edu.ru
630,Student_630,Computer Science,student_630@edu.ru
631,Student_631,Data Analytics,student_631@edu.ru
632,Student_632,Information Systems,student_632@edu.ru
633,Student_633,Computer Science,student_633@edu.ru
634,Student_634,Data Analytics,student_634@edu.ru
635,Student_635,Information Systems,student_635@edu.ru
636,Student_636,Computer Science,student_636@edu.ru
637,Student_637,Data Analytics,student_637@edu.ru
638,Student_638,Information Systems,student_638@edu.ru
639,Student_639,Computer Science,student_639@edu.ru
640,Student_640,Data Analytics,student_640@edu.ru
641,Student_641,Information Systems,student_641@edu.ru
642,Student_642,Computer Science,student_642@edu.ru
643,Student_643,Data Analytics,student_643@edu.ru
644,Student_644,Information Systems,student_644@edu.ru
645,Student_645,Computer Science,student_645@edu.ru
646,Student_646,Data Analytics,student_646@edu.ru
647,Student_647,Information Systems,student_647@edu.ru
648,Student_648,Computer Science,student_648@edu.ru
649,Student_649,Data Analytics,student_649@edu.ru
650,Student_650,Information Systems,student_650@edu.ru
651,Student_651,Computer Science,student_651@edu.ru
652,Student_652,Data Analytics,student_652@edu.ru
653,Student_653,Information Systems,student_653@edu.ru
654,Student_654,Computer Science,student_654@edu.ru
655,Student_655,Data Analytics,student_655@edu.ru
656,Student_656,Information Systems,student_656@edu.ru
657,Student_657,Computer Science,student_657@edu.ru
658,Student_658,Data Analytics,student_658@edu.ru
659,Student_659,Information Systems,student_659@edu.ru
660,Student_660,Computer Science,student_660@edu.ru
661,Student_661,Data Analytics,student_661@edu.ru
662,Student_662,Information Systems,student_662@edu.ru
663,Student_663,Computer Science,student_663@edu.ru
664,Student_664,Data Analytics,student_664@edu.ru
665,Student_665,Information Systems,student_665@edu.ru
666,Student_666,Computer Science,student_666@edu.ru
667,Student_667,Data Analytics,student_667@edu.ru
668,Student_668,Information Systems,student_668@edu.ru
669,Student_669,Computer Science,student_669@edu.ru
670,Student_670,Data Analytics,student_670@edu.ru
671,Student_671,Information Systems,student_671@edu.ru
672,Student_672,Computer Science,student_672@edu.ru
673,Student_673,Data Analytics,student_673@edu.ru
674,Student_674,Information Systems,student_674@edu.ru
675,Student_675,Computer Science,student_675@edu.ru
676,Student_676,Data Analytics,student_676@edu.ru
677,Student_677,Information Systems,student_677@edu.ru
678,Student_678,Computer Science,student_678@edu.ru
679,Student_679,Data Analytics,student_679@edu.ru
680,Student_680,Information Systems,student_680@edu.ru
681,Student_681,Computer Science,student_681@edu.ru
682,Student_682,Data Analytics,student_682@edu.ru
683,Student_683,Information Systems,student_683@edu.ru
684,Student_684,Computer Science,student_684@edu.ru
685,Student_685,Data Analytics,student_685@edu.ru
686,Student_686,Information Systems,student_686@edu.ru
687,Student_687,Computer Science,student_687@edu.ru
688,Student_688,Data Analytics,student_688@edu.ru
689,Student_689,Information Systems,student_689@edu.ru
690,Student_690,Computer Science,student_690@edu.ru
691,Student_691,Data Analytics,student_691@edu.ru
692,Student_692,Information Systems,student_692@edu.ru
693,Student_693,Computer Science,student_693@edu.ru
694,Student_694,Data Analytics,student_694@edu.ru
695,Student_695,Information Systems,student_695@edu.ru
696,Student_696,Computer Science,student_696@edu.ru
697,Student_697,Data Analytics,student_697@edu.ru
698,Student_698,Information Systems,student_698@edu.ru
699,Student_699,Computer Science,student_699@edu.ru
700,Student_700,Data Analytics,student_700@edu.ru
701,Student_701,Information Systems,student_701@edu.ru
702,Student_702,Computer Science,student_702@edu.ru
703,Student_703,Data Analytics,student_703@edu.ru
704,Student_704,Information Systems,student_704@edu.ru
705,Student_705,Computer Science,student_705@edu.ru
706,Student_706,Data Analytics,student_706@edu.ru
707,Student_707,Information Systems,student_707@edu.ru
708,Student_708,Computer Science,student_708@edu.ru
709,Student_709,Data Analytics,student_709@edu.ru
710,Student_710,Information Systems,student_710@edu.ru
711,Student_711,Computer Science,student_711@edu.ru
712,Student_712,Data Analytics,student_712@edu.ru
713,Student_713,Information Systems,student_713@edu.ru
714,Student_714,Computer Science,student_714@edu.ru
715,Student_715,Data Analytics,student_715@edu.ru
716,Student_716,Information Systems,student_716@edu.ru
717,Student_717,Computer Science,student_717@edu.ru
718,Student_718,Data Analytics,student_718@edu.ru
719,Student_719,Information Systems,student_719@edu.ru
720,Student_720,Computer Science,student_720@edu.ru
721,Student_721,Data Analytics,student_721@edu.ru
722,Student_722,Information Systems,student_722@edu.ru
723,Student_723,Computer Science,student_723@edu.ru
724,Student_724,Data Analytics,student_724@edu.ru
725,Student_725,Information Systems,student_725@edu.ru
726,Student_726,Computer Science,student_726@edu.ru
727,Student_727,Data Analytics,student_727@edu.ru
728,Student_728,Information Systems,student_728@edu.ru
729,Student_729,Computer Science,student_729@edu.ru
730,Student_730,Data Analytics,student_730@edu.ru
731,Student_731,Information Systems,student_731@edu.ru
732,Student_732,Computer Science,student_732@edu.ru
733,Student_733,Data Analytics,student_733@edu.ru
734,Student_734,Information Systems,student_734@edu.ru
735,Student_735,Computer Science,student_735@edu.ru
736,Student_736,Data Analytics,student_736@edu.ru
737,Student_737,Information Systems,student_737@edu.ru
738,Student_738,Computer Science,student_738@edu.ru
739,Student_739,Data Analytics,student_739@edu.ru
740,Student_740,Information Systems,student_740@edu.ru
741,Student_741,Computer Science,student_741@edu.ru
742,Student_742,Data Analytics,student_742@edu.ru
743,Student_743,Information Systems,student_743@edu.ru
744,Student_744,Computer Science,student_744@edu.ru
745,Student_745,Data Analytics,student_745@edu.ru
746,Student_746,Information Systems,student_746@edu.ru
747,Student_747,Computer Science,student_747@edu.ru
748,Student_748,Data Analytics,student_748@edu.ru
749,Student_749,Information Systems,student_749@edu.ru
750,Student_750,Computer Science,student_750@edu.ru
751,Student_751,Data Analytics,student_751@edu.ru
752,Student_752,Information Systems,student_752@edu.ru
753,Student_753,Computer Science,student_753@edu.ru
754,Student_754,Data Analytics,student_754@edu.ru
755,Student_755,Information Systems,student_755@edu.ru
756,Student_756,Computer Science,student_756@edu.ru
757,Student_757,Data Analytics,student_757@edu.ru
758,Student_758,Information Systems,student_758@edu.ru
759,Student_759,Computer Science,student_759@edu.ru
760,Student_760,Data Analytics,student_760@edu.ru
761,Student_761,Information Systems,student_761@edu.ru
762,Student_762,Computer Science,student_762@edu.ru
763,Student_763,Data Analytics,student_763@edu.ru
764,Student_764,Information Systems,student_764@edu.ru
765,Student_765,Computer Science,student_765@edu.ru
766,Student_766,Data Analytics,student_766@edu.ru
767,Student_767,Information Systems,student_767@edu.ru
768,Student_768,Computer Science,student_768@edu.ru
769,Student_769,Data Analytics,student_769@edu.ru
770,Student_770,Information Systems,student_770@edu.ru
771,Student_771,Computer Science,student_771@edu.ru
772,Student_772,Data Analytics,student_772@edu.ru
773,Student_773,Information Systems,student_773@edu.ru
774,Student_774,Computer Science,student_774@edu.ru
775,Student_775,Data Analytics,student_775@edu.ru
776,Student_776,Information Systems,student_776@edu.ru
777,Student_777,Computer Science,student_777@edu.ru
778,Student_778,Data Analytics,student_778@edu.ru
779,Student_779,Information Systems,student_779@edu.ru
780,Student_780,Computer Science,student_780@edu.ru
781,Student_781,Data Analytics,student_781@edu.ru
782,Student_782,Information Systems,student_782@edu.ru
783,Student_783,Computer Science,student_783@edu.ru
784,Student_784,Data Analytics,student_784@edu.ru
785,Student_785,Information Systems,student_785@edu.ru
786,Student_786,Computer Science,student_786@edu.ru
787,Student_787,Data Analytics,student_787@edu.ru
788,Student_788,Information Systems,student_788@edu.ru
789,Student_789,Computer Science,student_789@edu.ru
790,Student_790,Data Analytics,student_790@edu.ru
791,Student_791,Information Systems,student_791@edu.ru
792,Student_792,Computer Science,student_792@edu.ru
793,Student_793,Data Analytics,student_793@edu.ru
794,Student_794,Information Systems,student_794@edu.ru
795,Student_795,Computer Science,student_795@edu.ru
796,Student_796,Data Analytics,student_796@edu.ru
797,Student_797,Information Systems,student_797@edu.ru
798,Student_798,Computer Science,student_798@edu.ru
799,Student_799,Data Analytics,student_799@edu.ru
800,Student_800,Information Systems,student_800@edu.ru
801,Student_801,Computer Science,student_801@edu.ru
802,Student_802,Data Analytics,student_802@edu.ru
803,Student_803,Information Systems,student_803@edu.ru
804,Student_804,Computer Science,student_804@edu.ru
805,Student_805,Data Analytics,student_805@edu.ru
806,Student_806,Information Systems,student_806@edu.ru
807,Student_807,Computer Science,student_807@edu.ru
808,Student_808,Data Analytics,student_808@edu.ru
809,Student_809,Information Systems,student_809@edu.ru
810,Student_810,Computer Science,student_810@edu.ru
811,Student_811,Data Analytics,student_811@edu.ru
812,Student_812,Information Systems,student_812@edu.ru
813,Student_813,Computer Science,student_813@edu.ru
814,Student_814,Data Analytics,student_814@edu.ru
815,Student_815,Information Systems,student_815@edu.ru
816,Student_816,Computer Science,student_816@edu.ru
817,Student_817,Data Analytics,student_817@edu.ru
818,Student_818,Information Systems,student_818@edu.ru
819,Student_819,Computer Science,student_819@edu.ru
820,Student_820,Data Analytics,student_820@edu.ru
821,Student_821,Information Systems,student_821@edu.ru
822,Student_822,Computer Science,student_822@edu.ru
823,Student_823,Data Analytics,student_823@edu.ru
824,Student_824,Information Systems,student_824@edu.ru
825,Student_825,Computer Science,student_825@edu.ru
826,Student_826,Data Analytics,student_826@edu.ru
827,Student_827,Information Systems,student_827@edu.ru
828,Student_828,Computer Science,student_828@edu.ru
829,Student_829,Data Analytics,student_829@edu.ru
830,Student_830,Information Systems,student_830@edu.ru
831,Student_831,Computer Science,student_831@edu.ru
832,Student_832,Data Analytics,student_832@edu.ru
833,Student_833,Information Systems,student_833@edu.ru
834,Student_834,Computer Science,student_834@edu.ru
835,Student_835,Data Analytics,student_835@edu.ru
836,Student_836,Information Systems,student_836@edu.ru
837,Student_837,Computer Science,student_837@edu.ru
838,Student_838,Data Analytics,student_838@edu.ru
839,Student_839,Information Systems,student_839@edu.ru
840,Student_840,Computer Science,student_840@edu.ru
841,Student_841,Data Analytics,student_841@edu.ru
842,Student_842,Information Systems,student_842@edu.ru
843,Student_843,Computer Science,student_843@edu.ru
844,Student_844,Data Analytics,student_844@edu.ru
845,Student_845,Information Systems,student_845@edu.ru
846,Student_846,Computer Science,student_846@edu.ru
847,Student_847,Data Analytics,student_847@edu.ru
848,Student_848,Information Systems,student_848@edu.ru
849,Student_849,Computer Science,student_849@edu.ru
850,Student_850,Data Analytics,student_850@edu.ru
851,Student_851,Information Systems,student_851@edu.ru
852,Student_852,Computer Science,student_852@edu.ru
853,Student_853,Data Analytics,student_853@edu.ru
854,Student_854,Information Systems,student_854@edu.ru
855,Student_855,Computer Science,student_855@edu.ru
856,Student_856,Data Analytics,student_856@edu.ru
857,Student_857,Information Systems,student_857@edu.ru
858,Student_858,Computer Science,student_858@edu.ru
859,Student_859,Data Analytics,student_859@edu.ru
860,Student_860,Information Systems,student_860@edu.ru
861,Student_861,Computer Science,student_861@edu.ru
862,Student_862,Data Analytics,student_862@edu.ru
863,Student_863,Information Systems,student_863@edu.ru
864,Student_864,Computer Science,student_864@edu.ru
865,Student_865,Data Analytics,student_865@edu.ru
866,Student_866,Information Systems,student_866@edu.ru
867,Student_867,Computer Science,student_867@edu.ru
868,Student_868,Data Analytics,student_868@edu.ru
869,Student_869,Information Systems,student_869@edu.ru
870,Student_870,Computer Science,student_870@edu.ru
871,Student_871,Data Analytics,student_871@edu.ru
872,Student_872,Information Systems,student_872@edu.ru
873,Student_873,Computer Science,student_873@edu.ru
874,Student_874,Data Analytics,student_874@edu.ru
875,Student_875,Information Systems,student_875@edu.ru
876,Student_876,Computer Science,student_876@edu.ru
877,Student_877,Data Analytics,student_877@edu.ru
878,Student_878,Information Systems,student_878@edu.ru
879,Student_879,Computer Science,student_879@edu.ru
880,Student_880,Data Analytics,student_880@edu.ru
881,Student_881,Information Systems,student_881@edu.ru
882,Student_882,Computer Science,student_882@edu.ru
883,Student_883,Data Analytics,student_883@edu.ru
884,Student_884,Information Systems,student_884@edu.ru
885,Student_885,Computer Science,student_885@edu.ru
886,Student_886,Data Analytics,student_886@edu.ru
887,Student_887,Information Systems,student_887@edu.ru
888,Student_888,Computer Science,student_888@edu.ru
889,Student_889,Data Analytics,student_889@edu.ru
890,Student_890,Information Systems,student_890@edu.ru
891,Student_891,Computer Science,student_891@edu.ru
892,Student_892,Data Analytics,student_892@edu.ru
893,Student_893,Information Systems,student_893@edu.ru
894,Student_894,Computer Science,student_894@edu.ru
895,Student_895,Data Analytics,student_895@edu.ru
896,Student_896,Information Systems,student_896@edu.ru
897,Student_897,Computer Science,student_897@edu.ru
898,Student_898,Data Analytics,student_898@edu.ru
899,Student_899,Information Systems,student_899@edu.ru
900,Student_900,Computer Science,student_900@edu.ru
901,Student_901,Data Analytics,student_901@edu.ru
902,Student_902,Information Systems,student_902@edu.ru
903,Student_903,Computer Science,student_903@edu.ru
904,Student_904,Data Analytics,student_904@edu.ru
905,Student_905,Information Systems,student_905@edu.ru
906,Student_906,Computer Science,student_906@edu.ru
907,Student_907,Data Analytics,student_907@edu.ru
908,Student_908,Information Systems,student_908@edu.ru
909,Student_909,Computer Science,student_909@edu.ru
910,Student_910,Data Analytics,student_910@edu.ru
911,Student_911,Information Systems,student_911@edu.ru
912,Student_912,Computer Science,student_912@edu.ru
913,Student_913,Data Analytics,student_913@edu.ru
914,Student_914,Information Systems,student_914@edu.ru
915,Student_915,Computer Science,student_915@edu.ru
916,Student_916,Data Analytics,student_916@edu.ru
917,Student_917,Information Systems,student_917@edu.ru
918,Student_918,Computer Science,student_918@edu.ru
919,Student_919,Data Analytics,student_919@edu.ru
920,Student_920,Information Systems,student_920@edu.ru
921,Student_921,Computer Science,student_921@edu.ru
922,Student_922,Data Analytics,student_922@edu.ru
923,Student_923,Information Systems,student_923@edu.ru
924,Student_924,Computer Science,student_924@edu.ru
925,Student_925,Data Analytics,student_925@edu.ru
926,Student_926,Information Systems,student_926@edu.ru
927,Student_927,Computer Science,student_927@edu.ru
928,Student_928,Data Analytics,student_928@edu.ru
929,Student_929,Information Systems,student_929@edu.ru
930,Student_930,Computer Science,student_930@edu.ru
931,Student_931,Data Analytics,student_931@edu.ru
932,Student_932,Information Systems,student_932@edu.ru
933,Student_933,Computer Science,student_933@edu.ru
934,Student_934,Data Analytics,student_934@edu.ru
935,Student_935,Information Systems,student_935@edu.ru
936,Student_936,Computer Science,student_936@edu.ru
937,Student_937,Data Analytics,student_937@edu.ru
938,Student_938,Information Systems,student_938@edu.ru
939,Student_939,Computer Science,student_939@edu.ru
940,Student_940,Data Analytics,student_940@edu.ru
941,Student_941,Information Systems,student_941@edu.ru
942,Student_942,Computer Science,student_942@edu.ru
943,Student_943,Data Analytics,student_943@edu.ru
944,Student_944,Information Systems,student_944@edu.ru
945,Student_945,Computer Science,student_945@edu.ru
946,Student_946,Data Analytics,student_946@edu.ru
947,Student_947,Information Systems,student_947@edu.ru
948,Student_948,Computer Science,student_948@edu.ru
949,Student_949,Data Analytics,student_949@edu.ru
950,Student_950,Information Systems,student_950@edu.ru
951,Student_951,Computer Science,student_951@edu.ru
952,Student_952,Data Analytics,student_952@edu.ru
953,Student_953,Information Systems,student_953@edu.ru
954,Student_954,Computer Science,student_954@edu.ru
955,Student_955,Data Analytics,student_955@edu.ru
956,Student_956,Information Systems,student_956@edu.ru
957,Student_957,Computer Science,student_957@edu.ru
958,Student_958,Data Analytics,student_958@edu.ru
959,Student_959,Information Systems,student_959@edu.ru
960,Student_960,Computer Science,student_960@edu.ru
961,Student_961,Data Analytics,student_961@edu.ru
962,Student_962,Information Systems,student_962@edu.ru
963,Student_963,Computer Science,student_963@edu.ru
964,Student_964,Data Analytics,student_964@edu.ru
965,Student_965,Information Systems,student_965@edu.ru
966,Student_966,Computer Science,student_966@edu.ru
967,Student_967,Data Analytics,student_967@edu.ru
968,Student_968,Information Systems,student_968@edu.ru
969,Student_969,Computer Science,student_969@edu.ru
970,Student_970,Data Analytics,student_970@edu.ru
971,Student_971,Information Systems,student_971@edu.ru
972,Student_972,Computer Science,student_972@edu.ru
973,Student_973,Data Analytics,student_973@edu.ru
974,Student_974,Information Systems,student_974@edu.ru
975,Student_975,Computer Science,student_975@edu.ru
976,Student_976,Data Analytics,student_976@edu.ru
977,Student_977,Information Systems,student_977@edu.ru
978,Student_978,Computer Science,student_978@edu.ru
979,Student_979,Data Analytics,student_979@edu.ru
980,Student_980,Information Systems,student_980@edu.ru
981,Student_981,Computer Science,student_981@edu.ru
982,Student_982,Data Analytics,student_982@edu.ru
983,Student_983,Information Systems,student_983@edu.ru
984,Student_984,Computer Science,student_984@edu.ru
985,Student_985,Data Analytics,student_985@edu.ru
986,Student_986,Information Systems,student_986@edu.ru
987,Student_987,Computer Science,student_987@edu.ru
988,Student_988,Data Analytics,student_988@edu.ru
989,Student_989,Information Systems,student_989@edu.ru
990,Student_990,Computer Science,student_990@edu.ru
991,Student_991,Data Analytics,student_991@edu.ru
992,Student_992,Information Systems,student_992@edu.ru
993,Student_993,Computer Science,student_993@edu.ru
994,Student_994,Data Analytics,student_994@edu.ru
995,Student_995,Information Systems,student_995@edu.ru
996,Student_996,Computer Science,student_996@edu.ru
997,Student_997,Data Analytics,student_997@edu.ru
998,Student_998,Information Systems,student_998@edu.ru
999,Student_999,Computer Science,student_999@edu.ru
1000,Student_1000,Data Analytics,student_1000@edu.ru
1001,Student_1001,Information Systems,student_1001@edu.ru
1002,Student_1002,Computer Science,student_1002@edu.ru
1003,Student_1003,Data Analytics,student_1003@edu.ru
1004,Student_1004,Information Systems,student_1004@edu.ru
1005,Student_1005,Computer Science,student_1005@edu.ru
1006,Student_1006,Data Analytics,student_1006@edu.ru
1007,Student_1007,Information Systems,student_1007@edu.ru
1008,Student_1008,Computer Science,student_1008@edu.ru
1009,Student_1009,Data Analytics,student_1009@edu.ru
1010,Student_1010,Information Systems,student_1010@edu.ru
1011,Student_1011,Computer Science,student_1011@edu.ru
1012,Student_1012,Data Analytics,student_1012@edu.ru
1013,Student_1013,Information Systems,student_1013@edu.ru
1014,Student_1014,Computer Science,student_1014@edu.ru
1015,Student_1015,Data Analytics,student_1015@edu.ru
1016,Student_1016,Information Systems,student_1016@edu.ru
1017,Student_1017,Computer Science,student_1017@edu.ru
1018,Student_1018,Data Analytics,student_1018@edu.ru
1019,Student_1019,Information Systems,student_1019@edu.ru
1020,Student_1020,Computer Science,student_1020@edu.ru
1021,Student_1021,Data Analytics,student_1021@edu.ru
1022,Student_1022,Information Systems,student_1022@edu.ru
1023,Student_1023,Computer Science,student_1023@edu.ru
1024,Student_1024,Data Analytics,student_1024@edu.ru
1025,Student_1025,Information Systems,student_1025@edu.ru
1026,Student_1026,Computer Science,student_1026@edu.ru
1027,Student_1027,Data Analytics,student_1027@edu.ru
1028,Student_1028,Information Systems,student_1028@edu.ru
1029,Student_1029,Computer Science,student_1029@edu.ru
1030,Student_1030,Data Analytics,student_1030@edu.ru
1031,Student_1031,Information Systems,student_1031@edu.ru
1032,Student_1032,Computer Science,student_1032@edu.ru
1033,Student_1033,Data Analytics,student_1033@edu.ru
1034,Student_1034,Information Systems,student_1034@edu.ru
1035,Student_1035,Computer Science,student_1035@edu.ru
1036,Student_1036,Data Analytics,student_1036@edu.ru
1037,Student_1037,Information Systems,student_1037@edu.ru
1038,Student_1038,Computer Science,student_1038@edu.ru
1039,Student_1039,Data Analytics,student_1039@edu.ru
1040,Student_1040,Information Systems,student_1040@edu.ru
1041,Student_1041,Computer Science,student_1041@edu.ru
1042,Student_1042,Data Analytics,student_1042@edu.ru
1043,Student_1043,Information Systems,student_1043@edu.ru
1044,Student_1044,Computer Science,student_1044@edu.ru
1045,Student_1045,Data Analytics,student_1045@edu.ru
1046,Student_1046,Information Systems,student_1046@edu.ru
1047,Student_1047,Computer Science,student_1047@edu.ru
1048,Student_1048,Data Analytics,student_1048@edu.ru
1049,Student_1049,Information Systems,student_1049@edu.ru
1050,Student_1050,Computer Science,student_1050@edu.ru
1051,Student_1051,Data Analytics,student_1051@edu.ru
1052,Student_1052,Information Systems,student_1052@edu.ru
1053,Student_1053,Computer Science,student_1053@edu.ru
1054,Student_1054,Data Analytics,student_1054@edu.ru
1055,Student_1055,Information Systems,student_1055@edu.ru
1056,Student_1056,Computer Science,student_1056@edu.ru
1057,Student_1057,Data Analytics,student_1057@edu.ru
1058,Student_1058,Information Systems,student_1058@edu.ru
1059,Student_1059,Computer Science,student_1059@edu.ru
1060,Student_1060,Data Analytics,student_1060@edu.ru
1061,Student_1061,Information Systems,student_1061@edu.ru
1062,Student_1062,Computer Science,student_1062@edu.ru
1063,Student_1063,Data Analytics,student_1063@edu.ru
1064,Student_1064,Information Systems,student_1064@edu.ru
1065,Student_1065,Computer Science,student_1065@edu.ru
1066,Student_1066,Data Analytics,student_1066@edu.ru
1067,Student_1067,Information Systems,student_1067@edu.ru
1068,Student_1068,Computer Science,student_1068@edu.ru
1069,Student_1069,Data Analytics,student_1069@edu.ru
1070,Student_1070,Information Systems,student_1070@edu.ru
1071,Student_1071,Computer Science,student_1071@edu.ru
1072,Student_1072,Data Analytics,student_1072@edu.ru
1073,Student_1073,Information Systems,student_1073@edu.ru
1074,Student_1074,Computer Science,student_1074@edu.ru
1075,Student_1075,Data Analytics,student_1075@edu.ru
1076,Student_1076,Information Systems,student_1076@edu.ru
1077,Student_1077,Computer Science,student_1077@edu.ru
1078,Student_1078,Data Analytics,student_1078@edu.ru
1079,Student_1079,Information Systems,student_1079@edu.ru
1080,Student_1080,Computer Science,student_1080@edu.ru
1081,Student_1081,Data Analytics,student_1081@edu.ru
1082,Student_1082,Information Systems,student_1082@edu.ru
1083,Student_1083,Computer Science,student_1083@edu.ru
1084,Student_1084,Data Analytics,student_1084@edu.ru
1085,Student_1085,Information Systems,student_1085@edu.ru
1086,Student_1086,Computer Science,student_1086@edu.ru
1087,Student_1087,Data Analytics,student_1087@edu.ru
1088,Student_1088,Information Systems,student_1088@edu.ru
1089,Student_1089,Computer Science,student_1089@edu.ru
1090,Student_1090,Data Analytics,student_1090@edu.ru
1091,Student_1091,Information Systems,student_1091@edu.ru
1092,Student_1092,Computer Science,student_1092@edu.ru
1093,Student_1093,Data Analytics,student_1093@edu.ru
1094,Student_1094,Information Systems,student_1094@edu.ru
1095,Student_1095,Computer Science,student_1095@edu.ru
1096,Student_1096,Data Analytics,student_1096@edu.ru
1097,Student_1097,Information Systems,student_1097@edu.ru
1098,Student_1098,Computer Science,student_1098@edu.ru
1099,Student_1099,Data Analytics,student_1099@edu.ru
1100,Student_1100,Information Systems,student_1100@edu.ru
1101,Student_1101,Computer Science,student_1101@edu.ru
1102,Student_1102,Data Analytics,student_1102@edu.ru
1103,Student_1103,Information Systems,student_1103@edu.ru
1104,Student_1104,Computer Science,student_1104@edu.ru
1105,Student_1105,Data Analytics,student_1105@edu.ru
1106,Student_1106,Information Systems,student_1106@edu.ru
1107,Student_1107,Computer Science,student_1107@edu.ru
1108,Student_1108,Data Analytics,student_1108@edu.ru
1109,Student_1109,Information Systems,student_1109@edu.ru
1110,Student_1110,Computer Science,student_1110@edu.ru
1111,Student_1111,Data Analytics,student_1111@edu.ru
1112,Student_1112,Information Systems,student_1112@edu.ru
1113,Student_1113,Computer Science,student_1113@edu.ru
1114,Student_1114,Data Analytics,student_1114@edu.ru
1115,Student_1115,Information Systems,student_1115@edu.ru
1116,Student_1116,Computer Science,student_1116@edu.ru
1117,Student_1117,Data Analytics,student_1117@edu.ru
1118,Student_1118,Information Systems,student_1118@edu.ru
1119,Student_1119,Computer Science,student_1119@edu.ru
1120,Student_1120,Data Analytics,student_1120@edu.ru
1121,Student_1121,Information Systems,student_1121@edu.ru
1122,Student_1122,Computer Science,student_1122@edu.ru
1123,Student_1123,Data Analytics,student_1123@edu.ru
1124,Student_1124,Information Systems,student_1124@edu.ru
1125,Student_1125,Computer Science,student_1125@edu.ru
1126,Student_1126,Data Analytics,student_1126@edu.ru
1127,Student_1127,Information Systems,student_1127@edu.ru
1128,Student_1128,Computer Science,student_1128@edu.ru
1129,Student_1129,Data Analytics,student_1129@edu.ru
1130,Student_1130,Information Systems,student_1130@edu.ru
1131,Student_1131,Computer Science,student_1131@edu.ru
1132,Student_1132,Data Analytics,student_1132@edu.ru
1133,Student_1133,Information Systems,student_1133@edu.ru
1134,Student_1134,Computer Science,student_1134@edu.ru
1135,Student_1135,Data Analytics,student_1135@edu.ru
1136,Student_1136,Information Systems,student_1136@edu.ru
1137,Student_1137,Computer Science,student_1137@edu.ru
1138,Student_1138,Data Analytics,student_1138@edu.ru
1139,Student_1139,Information Systems,student_1139@edu.ru
1140,Student_1140,Computer Science,student_1140@edu.ru
1141,Student_1141,Data Analytics,student_1141@edu.ru
1142,Student_1142,Information Systems,student_1142@edu.ru
1143,Student_1143,Computer Science,student_1143@edu.ru
1144,Student_1144,Data Analytics,student_1144@edu.ru
1145,Student_1145,Information Systems,student_1145@edu.ru
1146,Student_1146,Computer Science,student_1146@edu.ru
1147,Student_1147,Data Analytics,student_1147@edu.ru
1148,Student_1148,Information Systems,student_1148@edu.ru
1149,Student_1149,Computer Science,student_1149@edu.ru
1150,Student_1150,Data Analytics,student_1150@edu.ru
1151,Student_1151,Information Systems,student_1151@edu.ru
1152,Student_1152,Computer Science,student_1152@edu.ru
1153,Student_1153,Data Analytics,student_1153@edu.ru
1154,Student_1154,Information Systems,student_1154@edu.ru
1155,Student_1155,Computer Science,student_1155@edu.ru
1156,Student_1156,Data Analytics,student_1156@edu.ru
1157,Student_1157,Information Systems,student_1157@edu.ru
1158,Student_1158,Computer Science,student_1158@edu.ru
1159,Student_1159,Data Analytics,student_1159@edu.ru
1160,Student_1160,Information Systems,student_1160@edu.ru
1161,Student_1161,Computer Science,student_1161@edu.ru
1162,Student_1162,Data Analytics,student_1162@edu.ru
1163,Student_1163,Information Systems,student_1163@edu.ru
1164,Student_1164,Computer Science,student_1164@edu.ru
1165,Student_1165,Data Analytics,student_1165@edu.ru
1166,Student_1166,Information Systems,student_1166@edu.ru
1167,Student_1167,Computer Science,student_1167@edu.ru
1168,Student_1168,Data Analytics,student_1168@edu.ru
1169,Student_1169,Information Systems,student_1169@edu.ru
1170,Student_1170,Computer Science,student_1170@edu.ru
1171,Student_1171,Data Analytics,student_1171@edu.ru
1172,Student_1172,Information Systems,student_1172@edu.ru
1173,Student_1173,Computer Science,student_1173@edu.ru
1174,Student_1174,Data Analytics,student_1174@edu.ru
1175,Student_1175,Information Systems,student_1175@edu.ru
1176,Student_1176,Computer Science,student_1176@edu.ru
1177,Student_1177,Data Analytics,student_1177@edu.ru
1178,Student_1178,Information Systems,student_1178@edu.ru
1179,Student_1179,Computer Science,student_1179@edu.ru
1180,Student_1180,Data Analytics,student_1180@edu.ru
1181,Student_1181,Information Systems,student_1181@edu.ru
1182,Student_1182,Computer Science,student_1182@edu.ru
1183,Student_1183,Data Analytics,student_1183@edu.ru
1184,Student_1184,Information Systems,student_1184@edu.ru
1185,Student_1185,Computer Science,student_1185@edu.ru
1186,Student_1186,Data Analytics,student_1186@edu.ru
1187,Student_1187,Information Systems,student_1187@edu.ru
1188,Student_1188,Computer Science,student_1188@edu.ru
1189,Student_1189,Data Analytics,student_1189@edu.ru
1190,Student_1190,Information Systems,student_1190@edu.ru
1191,Student_1191,Computer Science,student_1191@edu.ru
1192,Student_1192,Data Analytics,student_1192@edu.ru
1193,Student_1193,Information Systems,student_1193@edu.ru
1194,Student_1194,Computer Science,student_1194@edu.ru
1195,Student_1195,Data Analytics,student_1195@edu.ru
1196,Student_1196,Information Systems,student_1196@edu.ru
1197,Student_1197,Computer Science,student_1197@edu.ru
1198,Student_1198,Data Analytics,student_1198@edu.ru
1199,Student_1199,Information Systems,student_1199@edu.ru
1200,Student_1200,Computer Science,student_1200@edu.ru
